id_cliente,nombre,genero,ciudad,ingreso,campaña,fecha
1055,ClienteM0,F,Viña del Mar,2730526,Otoño,2024-02-01
1076,ClienteM1,M,Viña del Mar,3017929,Invierno,2024-02-02
1033,ClienteM2,M,Sntiago,1087225,Verano,2024-02-03
1017,ClienteM3,F,Antofagasta,471967,Verano,2024-02-04
1060,ClienteM4,Femenino,Santiago,391232,Verano,2024-02-05
1002,ClienteM5,M,Vina del Mr,1552695,Invierno,2024-02-06
1010,ClienteM6,Masculino,Vina del Mr,2306692,Invierno,2024-02-07
1009,ClienteM7,M,Sntiago,1789228,Verano,2024-02-08
1053,ClienteM8,F,Viña del Mar,2849103,Invierno,2024-02-09
1067,ClienteM9,F,Viña del Mar,1300567,Verano,2024-02-10
1075,ClienteM10,F,Vina del Mr,2485903,Verano,2024-02-11
1071,ClienteM11,Femenino,Sntiago,818992,Otoño,2024-02-12
1040,ClienteM12,M,Antofagasta,249115,Invierno,2024-02-13
1080,ClienteM13,Femenino,Viña del Mar,3040735,Verano,2024-02-14
1084,ClienteM14,Femenino,Antofagasta,921747,Verano,2024-02-15
