id_cliente,nombre,genero,ciudad,ingreso,ticket,fecha
1030,ClienteS0,Femenino,Concepción,466381,124,2024-01-10
1056,ClienteS1,F,Sntiago,1871701,37,2024-01-11
1013,ClienteS2,Femenino,Santiago,1970197,24,2024-01-12
1041,ClienteS3,Femenino,Antofagasta,2581660,93,2024-01-13
1007,ClienteS4,F,Santiago,2128226,46,2024-01-14
1020,ClienteS5,Masculino,Antofagasta,2261221,181,2024-01-15
1092,ClienteS6,Femenino,Santiago,1549386,95,2024-01-16
1003,ClienteS7,F,Vina del Mr,2364484,99,2024-01-17
1048,ClienteS8,M,Sntiago,2807184,188,2024-01-18
1014,ClienteS9,Masculino,Antofagasta,1768175,116,2024-01-19
1077,ClienteS10,M,Concepción,1079903,191,2024-01-20
1012,ClienteS11,M,Santiago,2492866,160,2024-01-21
1059,ClienteS12,F,Santiago,1865536,161,2024-01-22
1096,ClienteS13,Femenino,Antofagasta,2110427,67,2024-01-23
1034,ClienteS14,F,Concepción,474123,128,2024-01-24
1085,ClienteS15,F,Concepción,1286093,18,2024-01-25
1039,ClienteS16,F,Vina del Mr,1481565,25,2024-01-26
1060,ClienteS17,F,Vina del Mr,528274,54,2024-01-27
