id_cliente,nombre,genero,ciudad,ingreso,producto,fecha
1083,Cliente0,Masculino,Vina del Mr,2316716,A,2024-01-01
1053,Cliente1,M,Sntiago,2650770,B,2024-01-02
1070,Cliente2,Femenino,Concepción,1069598,A,2024-01-03
1045,Cliente3,Masculino,Antofagasta,1398591,A,2024-01-04
1044,Cliente4,Masculino,Vina del Mr,3169990,B,2024-01-05
1039,Cliente5,M,Concepción,1174371,B,2024-01-06
1022,Cliente6,Masculino,Concepción,1759933,B,2024-01-07
1080,Cliente7,M,Santiago,3132868,C,2024-01-08
1010,Cliente8,F,Concepción,1454454,B,2024-01-09
1000,Cliente9,Masculino,Sntiago,1273548,C,2024-01-10
1018,Cliente10,F,Vina del Mr,3170442,A,2024-01-11
1030,Cliente11,M,Concepción,1513475,C,2024-01-12
1073,Cliente12,Femenino,Santiago,2321900,B,2024-01-13
1033,Cliente13,Masculino,Sntiago,1299238,A,2024-01-14
1090,Cliente14,M,Viña del Mar,3259034,A,2024-01-15
1004,Cliente15,Femenino,Vina del Mr,2228434,A,2024-01-16
1076,Cliente16,Femenino,Concepción,679989,C,2024-01-17
1077,Cliente17,F,Santiago,2812667,B,2024-01-18
1012,Cliente18,M,Viña del Mar,343585,A,2024-01-19
1031,Cliente19,Femenino,Viña del Mar,1719945,A,2024-01-20
